species,cor,pval,padj,correlation_tested
14-2 sp001940225,0.0214374782333932,0.950115811536815,1,corr_t4speciesAbundance_with_t10Host_weight
992a sp001940245,-0.0117394830691148,0.966878701818987,1,corr_t4speciesAbundance_with_t10Host_weight
Acetatifactor sp900066365,0.00840793078949959,0.968896824625656,1,corr_t4speciesAbundance_with_t10Host_weight
Acetivibrio_A ethanolgignens,-0.19926062890467,0.476482324807617,1,corr_t4speciesAbundance_with_t10Host_weight
Acidaminococcus fermentans,-0.027705162047943,0.928411985449496,1,corr_t4speciesAbundance_with_t10Host_weight
Acutalibacter sp000435395,0.203852207745027,0.233057666795195,1,corr_t4speciesAbundance_with_t10Host_weight
Aerococcus suis,0.210192570837783,0.535029377778625,1,corr_t4speciesAbundance_with_t10Host_weight
Agathobacter faecis,-0.008965997009542,0.953937686349318,1,corr_t4speciesAbundance_with_t10Host_weight
Agathobacter rectale,-0.0412421977220278,0.780766068343422,1,corr_t4speciesAbundance_with_t10Host_weight
Agathobacter sp000434275,-0.0996184375374735,0.473559360591361,1,corr_t4speciesAbundance_with_t10Host_weight
Agathobacter sp900317585,0.0847366897268053,0.530853711312278,1,corr_t4speciesAbundance_with_t10Host_weight
Agathobaculum butyriciproducens,-0.00687879345722088,0.96139872682381,1,corr_t4speciesAbundance_with_t10Host_weight
Alistipes shahii,0.0680248189064348,0.825242161314599,1,corr_t4speciesAbundance_with_t10Host_weight
An172 sp002160515,-0.103273603800804,0.53155351286877,1,corr_t4speciesAbundance_with_t10Host_weight
Anaerorhabdus furcosa,0.0458538665461074,0.806502355043799,1,corr_t4speciesAbundance_with_t10Host_weight
Anaerovibrio sp000622005,0.496162700746674,0.0846157258080523,1,corr_t4speciesAbundance_with_t10Host_weight
Anaerovibrio sp002100115,-0.0527643613042938,0.724658940026657,1,corr_t4speciesAbundance_with_t10Host_weight
Angelakisella sp003453215,0.056787940608236,0.677619999894629,1,corr_t4speciesAbundance_with_t10Host_weight
Bacillus_A thuringiensis_J,-0.495244256363919,0.0432430196515101,1,corr_t4speciesAbundance_with_t10Host_weight
Bacteroides fragilis,-0.266708772534719,0.242526992408992,1,corr_t4speciesAbundance_with_t10Host_weight
Bacteroides massiliensis,0.222609093041165,0.407285328155706,1,corr_t4speciesAbundance_with_t10Host_weight
Bacteroides pyogenes,0.0288046475102257,0.912615383602421,1,corr_t4speciesAbundance_with_t10Host_weight
Bacteroides_B vulgatus,-0.163991860446229,0.354052691255956,1,corr_t4speciesAbundance_with_t10Host_weight
Bifidobacterium animalis,0.0166210541670885,0.925667004692857,1,corr_t4speciesAbundance_with_t10Host_weight
Bifidobacterium boum,-0.0375014764064963,0.793886957039309,1,corr_t4speciesAbundance_with_t10Host_weight
Bifidobacterium choerinum,-0.711238260803231,0.00949880968053441,1,corr_t4speciesAbundance_with_t10Host_weight
Bifidobacterium pseudolongum,-0.0782131522533595,0.670479249196864,1,corr_t4speciesAbundance_with_t10Host_weight
Bifidobacterium thermacidophilum,0.0983040548643555,0.497023129091572,1,corr_t4speciesAbundance_with_t10Host_weight
Bilophila wadsworthia,0.43120163844001,0.161648795279245,1,corr_t4speciesAbundance_with_t10Host_weight
Blautia sp000436935,0.0260400006331617,0.926604513111631,1,corr_t4speciesAbundance_with_t10Host_weight
Blautia_A massiliensis,0.116040999174442,0.390015076029393,1,corr_t4speciesAbundance_with_t10Host_weight
Blautia_A obeum,0.0316673756245395,0.816778694742614,1,corr_t4speciesAbundance_with_t10Host_weight
Blautia_A sp000285855,0.218817390566614,0.105178673914138,1,corr_t4speciesAbundance_with_t10Host_weight
Blautia_A sp000433815,-0.00963778287019472,0.966927430350698,1,corr_t4speciesAbundance_with_t10Host_weight
Blautia_A sp900066165,-0.107480143883437,0.503580137819584,1,corr_t4speciesAbundance_with_t10Host_weight
Blautia_A sp900066205,0.00249433558908879,0.985857401627987,1,corr_t4speciesAbundance_with_t10Host_weight
Blautia_A sp900066355,-0.00938728121625111,0.958650142130001,1,corr_t4speciesAbundance_with_t10Host_weight
Blautia_A sp900066505,-0.358009349452579,0.0858481163749227,1,corr_t4speciesAbundance_with_t10Host_weight
Blautia_A wexlerae,0.133901988194978,0.32069929505491,1,corr_t4speciesAbundance_with_t10Host_weight
Butyricicoccus pullicaecorum,-0.301562790895356,0.274698814244268,1,corr_t4speciesAbundance_with_t10Host_weight
Butyricicoccus_A porcorum,-0.189134536017511,0.17931382915604,1,corr_t4speciesAbundance_with_t10Host_weight
Butyricicoccus_A sp002395695,0.0105287962360087,0.94035389813281,1,corr_t4speciesAbundance_with_t10Host_weight
Butyricimonas virosa,0.331160661076623,0.293040472154251,1,corr_t4speciesAbundance_with_t10Host_weight
C941 sp002476625,-0.0387228612246712,0.774892270604424,1,corr_t4speciesAbundance_with_t10Host_weight
C941 sp900321725,-0.0812972293656332,0.705699345903942,1,corr_t4speciesAbundance_with_t10Host_weight
CAG-1000 sp000434555,-0.248840712283177,0.0696054129823336,1,corr_t4speciesAbundance_with_t10Host_weight
CAG-1000 sp000436975,-0.199327262249606,0.189277665798348,1,corr_t4speciesAbundance_with_t10Host_weight
CAG-1024 sp000432015,-0.223063999008316,0.115626154604938,1,corr_t4speciesAbundance_with_t10Host_weight
CAG-103 sp000432375,-0.322325089877305,0.0328570110021899,1,corr_t4speciesAbundance_with_t10Host_weight
CAG-103 sp900317855,0.123131223881622,0.361503515422444,1,corr_t4speciesAbundance_with_t10Host_weight
CAG-1031 sp000431215,0.0971411985807241,0.692385078606133,1,corr_t4speciesAbundance_with_t10Host_weight
CAG-110 sp000434635,0.382526491046348,0.0405610647706538,1,corr_t4speciesAbundance_with_t10Host_weight
CAG-110 sp002362145,-0.0229100426724512,0.879875557869399,1,corr_t4speciesAbundance_with_t10Host_weight
CAG-110 sp002362625,-0.0883351990896943,0.784858500933673,1,corr_t4speciesAbundance_with_t10Host_weight
CAG-110 sp002437585,0.173801646015398,0.196021802485689,1,corr_t4speciesAbundance_with_t10Host_weight
CAG-110 sp002493965,-0.398423929765241,0.0239087356582946,1,corr_t4speciesAbundance_with_t10Host_weight
CAG-110 sp003525905,0.014998150635432,0.92029753415437,1,corr_t4speciesAbundance_with_t10Host_weight
CAG-1138 sp000434675,-0.326555247665342,0.276161637162307,1,corr_t4speciesAbundance_with_t10Host_weight
CAG-1193 sp000436255,-0.181892890678144,0.295668395844264,1,corr_t4speciesAbundance_with_t10Host_weight
CAG-127 sp900319515,0.131079478482628,0.628468730895621,1,corr_t4speciesAbundance_with_t10Host_weight
CAG-145 sp000435615,0.0821203291295055,0.614431817402496,1,corr_t4speciesAbundance_with_t10Host_weight
CAG-145 sp002320005,-0.116892888312016,0.386520857031091,1,corr_t4speciesAbundance_with_t10Host_weight
CAG-170 sp000432135,0.0183551715470319,0.902535938911388,1,corr_t4speciesAbundance_with_t10Host_weight
CAG-170 sp000436735,0.0608876814645161,0.758246887735752,1,corr_t4speciesAbundance_with_t10Host_weight
CAG-170 sp002298695,-0.03158714802029,0.818920966837782,1,corr_t4speciesAbundance_with_t10Host_weight
CAG-170 sp002404795,-0.0509962391883086,0.706375279108206,1,corr_t4speciesAbundance_with_t10Host_weight
CAG-170 sp003516765,-0.0819807099952519,0.544348581112006,1,corr_t4speciesAbundance_with_t10Host_weight
CAG-177 sp000431775,0.081961774305536,0.76283454018494,1,corr_t4speciesAbundance_with_t10Host_weight
CAG-177 sp003514385,0.0748528345879065,0.580000727766894,1,corr_t4speciesAbundance_with_t10Host_weight
CAG-177 sp003538135,0.616725117704651,0.0432775441395605,1,corr_t4speciesAbundance_with_t10Host_weight
CAG-180 sp002490525,0.218022798532515,0.155103352268534,1,corr_t4speciesAbundance_with_t10Host_weight
CAG-196 sp002102975,0.228340228443279,0.233504581895206,1,corr_t4speciesAbundance_with_t10Host_weight
CAG-217 sp000436335,0.0712395891585443,0.713448262850109,1,corr_t4speciesAbundance_with_t10Host_weight
CAG-245 sp000435175,-0.0956226052787894,0.495804016824102,1,corr_t4speciesAbundance_with_t10Host_weight
CAG-269 sp000431335,0.0154251881039575,0.91016159938687,1,corr_t4speciesAbundance_with_t10Host_weight
CAG-269 sp001916005,0.136767227498708,0.523957317812829,1,corr_t4speciesAbundance_with_t10Host_weight
CAG-269 sp001916035,-0.333877345023129,0.206292501071876,1,corr_t4speciesAbundance_with_t10Host_weight
CAG-269 sp001916055,0.0100644521051471,0.943546347168586,1,corr_t4speciesAbundance_with_t10Host_weight
CAG-269 sp001916065,0.0944819751091233,0.51398000089857,1,corr_t4speciesAbundance_with_t10Host_weight
CAG-269 sp002372935,-0.314820477830189,0.153570765603569,1,corr_t4speciesAbundance_with_t10Host_weight
CAG-269 sp003518755,-0.234985338930592,0.462230634038443,1,corr_t4speciesAbundance_with_t10Host_weight
CAG-269 sp003525075,0.152895405901523,0.269696172309527,1,corr_t4speciesAbundance_with_t10Host_weight
CAG-272 sp000433515,-0.129971464785064,0.574440226088648,1,corr_t4speciesAbundance_with_t10Host_weight
CAG-273 sp003507395,-0.02054252346867,0.92957290104521,1,corr_t4speciesAbundance_with_t10Host_weight
CAG-273 sp003534295,-0.00116525159200173,0.994865052650211,1,corr_t4speciesAbundance_with_t10Host_weight
CAG-279 sp000437795,0.083176089726919,0.557722126727538,1,corr_t4speciesAbundance_with_t10Host_weight
CAG-302 sp000431795,-0.017740284533524,0.915809651931689,1,corr_t4speciesAbundance_with_t10Host_weight
CAG-302 sp001916775,-0.420554681971364,0.00112494934612878,0.467978927989574,corr_t4speciesAbundance_with_t10Host_weight
CAG-349 sp003539515,0.000908659813176949,0.995003136736879,1,corr_t4speciesAbundance_with_t10Host_weight
CAG-390 sp003523225,-0.123132286822008,0.487826388919544,1,corr_t4speciesAbundance_with_t10Host_weight
CAG-41 sp900066215,-0.248725856304569,0.460813147262528,1,corr_t4speciesAbundance_with_t10Host_weight
CAG-417 sp000432835,-0.0476442690761839,0.855911201749261,1,corr_t4speciesAbundance_with_t10Host_weight
CAG-417 sp002477275,0.150842193885566,0.462008023948605,1,corr_t4speciesAbundance_with_t10Host_weight
CAG-433 sp000433675,0.0746227082044431,0.642870426934243,1,corr_t4speciesAbundance_with_t10Host_weight
CAG-45 sp002299665,-0.137677800004632,0.311596561399908,1,corr_t4speciesAbundance_with_t10Host_weight
CAG-451 sp000438295,-0.0931794283495868,0.572616236940492,1,corr_t4speciesAbundance_with_t10Host_weight
CAG-452 sp000434035,-0.0896679724645366,0.548913659135661,1,corr_t4speciesAbundance_with_t10Host_weight
CAG-460 sp000437315,0.012771440424233,0.932865887764335,1,corr_t4speciesAbundance_with_t10Host_weight
CAG-465 sp000433135,-0.13686715474485,0.640807267484624,1,corr_t4speciesAbundance_with_t10Host_weight
CAG-465 sp000433755,0.129026231101765,0.567144823663496,1,corr_t4speciesAbundance_with_t10Host_weight
CAG-485 sp000437495,-0.17467949532365,0.488148230600036,1,corr_t4speciesAbundance_with_t10Host_weight
CAG-485 sp001701295,-0.105739318192453,0.743622577654329,1,corr_t4speciesAbundance_with_t10Host_weight
CAG-485 sp002361155,-0.409078545800561,0.0820142962981174,1,corr_t4speciesAbundance_with_t10Host_weight
CAG-485 sp900321585,0.0903263960636212,0.611432998788669,1,corr_t4speciesAbundance_with_t10Host_weight
CAG-488 sp000434055,0.136967438256095,0.412219377362391,1,corr_t4speciesAbundance_with_t10Host_weight
CAG-488 sp002449395,0.35452213755704,0.0820612224049952,1,corr_t4speciesAbundance_with_t10Host_weight
CAG-492 sp000434335,-0.131935874457765,0.667445641318638,1,corr_t4speciesAbundance_with_t10Host_weight
CAG-510 sp000434615,-0.0866026298519263,0.788993246993523,1,corr_t4speciesAbundance_with_t10Host_weight
CAG-533 sp000434495,-0.17126648421161,0.215615506503233,1,corr_t4speciesAbundance_with_t10Host_weight
CAG-533 sp002438065,-0.133373662602047,0.399762050403714,1,corr_t4speciesAbundance_with_t10Host_weight
CAG-536 sp900314505,-0.0290678787558826,0.846211813081774,1,corr_t4speciesAbundance_with_t10Host_weight
CAG-56 sp900066615,-0.376403654392956,0.136448235145537,1,corr_t4speciesAbundance_with_t10Host_weight
CAG-594 sp000434835,0.11037324443688,0.422434931253538,1,corr_t4speciesAbundance_with_t10Host_weight
CAG-603 sp900314525,-0.0114221482417874,0.971895696192559,1,corr_t4speciesAbundance_with_t10Host_weight
CAG-605 sp000433255,0.129028974923452,0.387379275346075,1,corr_t4speciesAbundance_with_t10Host_weight
CAG-605 sp000433475,-0.00837111453342709,0.955465253283895,1,corr_t4speciesAbundance_with_t10Host_weight
CAG-611 sp000434175,0.119558243946638,0.544528564654271,1,corr_t4speciesAbundance_with_t10Host_weight
CAG-628 sp003524085,0.436225626805174,0.0800265400897284,1,corr_t4speciesAbundance_with_t10Host_weight
CAG-710 sp000432595,0.0610199546976572,0.680340043895353,1,corr_t4speciesAbundance_with_t10Host_weight
CAG-724 sp003524145,0.0754379586058221,0.708424820010716,1,corr_t4speciesAbundance_with_t10Host_weight
CAG-762 sp000432575,-0.365541947526476,0.112985991660851,1,corr_t4speciesAbundance_with_t10Host_weight
CAG-791 sp000431495,0.12675988403477,0.35641832085887,1,corr_t4speciesAbundance_with_t10Host_weight
CAG-83 sp000431575,0.0618823512607182,0.656661892455118,1,corr_t4speciesAbundance_with_t10Host_weight
CAG-83 sp000435555,0.0635980605094888,0.689061098654526,1,corr_t4speciesAbundance_with_t10Host_weight
CAG-83 sp000435975,-0.300042413812685,0.174883248785615,1,corr_t4speciesAbundance_with_t10Host_weight
CAG-83 sp001916855,-0.641352637366356,5.77323220827861e-05,0.024016645986439,corr_t4speciesAbundance_with_t10Host_weight
CAG-83 sp003487665,-0.220154834169995,0.0998528401301035,1,corr_t4speciesAbundance_with_t10Host_weight
CAG-83 sp003539495,0.149597921748356,0.315553614078218,1,corr_t4speciesAbundance_with_t10Host_weight
CAG-83 sp900313295,0.276074375057535,0.0475808213371665,1,corr_t4speciesAbundance_with_t10Host_weight
CAG-841 sp000437375,0.385985532435911,0.125953204560553,1,corr_t4speciesAbundance_with_t10Host_weight
CAG-841 sp002405565,0.314595180694717,0.273307123140386,1,corr_t4speciesAbundance_with_t10Host_weight
CAG-841 sp002479075,0.00777673293566196,0.981895414304485,1,corr_t4speciesAbundance_with_t10Host_weight
CAG-873 sp001701165,0.443078619965826,0.0574416766442774,1,corr_t4speciesAbundance_with_t10Host_weight
CAG-873 sp002493945,0.207749518056095,0.366182254301403,1,corr_t4speciesAbundance_with_t10Host_weight
CAG-877 sp000433455,-0.119462197282672,0.376095333038058,1,corr_t4speciesAbundance_with_t10Host_weight
CAG-884 sp000433875,-0.00381745248270692,0.986897299968825,1,corr_t4speciesAbundance_with_t10Host_weight
CAG-914 sp000437895,-0.234132326925378,0.13074773467882,1,corr_t4speciesAbundance_with_t10Host_weight
CAG-95 sp000436115,-0.210509717150443,0.373008468691686,1,corr_t4speciesAbundance_with_t10Host_weight
CAG-95 sp900066375,0.335929066904933,0.187412038604683,1,corr_t4speciesAbundance_with_t10Host_weight
CAG-964_A sp002493755,0.0100004081592308,0.968585150210473,1,corr_t4speciesAbundance_with_t10Host_weight
Campylobacter hyointestinalis_A,-0.0509256360597977,0.875107542146206,1,corr_t4speciesAbundance_with_t10Host_weight
Campylobacter sp002139915,0.109081492193991,0.50284557015116,1,corr_t4speciesAbundance_with_t10Host_weight
Catenibacterium mitsuokai,-0.0876737225980389,0.51665640575893,1,corr_t4speciesAbundance_with_t10Host_weight
Chlamydia suis,0.28788213533949,0.0314368930272039,1,corr_t4speciesAbundance_with_t10Host_weight
Cloacibacillus porcorum,-0.207877760086485,0.245700032073571,1,corr_t4speciesAbundance_with_t10Host_weight
Clostridium sp000435835,0.161855998272479,0.233348107832238,1,corr_t4speciesAbundance_with_t10Host_weight
Clostridium sp900317445,0.293159838974399,0.0564060904413811,1,corr_t4speciesAbundance_with_t10Host_weight
Clostridium_AI sp002297865,0.128927415398977,0.660467786684197,1,corr_t4speciesAbundance_with_t10Host_weight
Clostridium_M clostridioforme,-0.0073931681540262,0.970805040896911,1,corr_t4speciesAbundance_with_t10Host_weight
Clostridium_M sp001304855,0.0656553509519629,0.847906849311735,1,corr_t4speciesAbundance_with_t10Host_weight
Clostridium_P perfringens,-0.0526321616810282,0.816058523067394,1,corr_t4speciesAbundance_with_t10Host_weight
Clostridium_P ventriculi,-0.370520491433572,0.0112522522182763,1,corr_t4speciesAbundance_with_t10Host_weight
Clostridium_Q sp003024715,0.312331235962298,0.298831136206614,1,corr_t4speciesAbundance_with_t10Host_weight
COE1 sp001916965,-3.35150721278123e-05,0.999905418051402,1,corr_t4speciesAbundance_with_t10Host_weight
Collinsella aerofaciens,0.0873614638774819,0.714187984467177,1,corr_t4speciesAbundance_with_t10Host_weight
Collinsella bouchesdurhonensis,0.237663753476179,0.162790092893572,1,corr_t4speciesAbundance_with_t10Host_weight
Collinsella sp002391315,0.0409812991684799,0.762137917642323,1,corr_t4speciesAbundance_with_t10Host_weight
Coprococcus_A catus,-0.0399687772486613,0.769927427026487,1,corr_t4speciesAbundance_with_t10Host_weight
Coprococcus_B comes,0.47468415602576,0.0400142100211922,1,corr_t4speciesAbundance_with_t10Host_weight
Corynebacterium stationis,0.052917337713371,0.749013074264534,1,corr_t4speciesAbundance_with_t10Host_weight
Corynebacterium xerosis,0.102600902382613,0.469192414208304,1,corr_t4speciesAbundance_with_t10Host_weight
Denitrobacterium detoxificans,-0.0428278020208331,0.807011772492978,1,corr_t4speciesAbundance_with_t10Host_weight
Desulfovibrio piger,-0.00859623204387379,0.960911431463874,1,corr_t4speciesAbundance_with_t10Host_weight
Desulfovibrio sp000403945,-0.210243625114107,0.434477384912628,1,corr_t4speciesAbundance_with_t10Host_weight
Desulfovibrio sp900319575,-0.299944259640676,0.212163420579857,1,corr_t4speciesAbundance_with_t10Host_weight
Dialister sp000434475,-0.00325272215591762,0.983484139090619,1,corr_t4speciesAbundance_with_t10Host_weight
Dialister succinatiphilus,-0.267037767507199,0.105076150272921,1,corr_t4speciesAbundance_with_t10Host_weight
Dietzia sp002441635,-0.268658924031141,0.42439860770416,1,corr_t4speciesAbundance_with_t10Host_weight
Dorea formicigenerans,0.0362052127818839,0.789180299153496,1,corr_t4speciesAbundance_with_t10Host_weight
Dorea longicatena,-0.00885433030415691,0.94835989217403,1,corr_t4speciesAbundance_with_t10Host_weight
Dorea longicatena_B,-0.0324559729701479,0.857699503248631,1,corr_t4speciesAbundance_with_t10Host_weight
Dorea scindens,0.0392467177561486,0.815030598537748,1,corr_t4speciesAbundance_with_t10Host_weight
Dorea sp000433215,-0.18329270019742,0.452584849100344,1,corr_t4speciesAbundance_with_t10Host_weight
Dorea sp900066765,0.252740346865782,0.23344275295697,1,corr_t4speciesAbundance_with_t10Host_weight
DTU089_A sp002440045,-0.0954673235056964,0.73503103514565,1,corr_t4speciesAbundance_with_t10Host_weight
Enterococcus faecalis,-0.201731281153302,0.453722314072813,1,corr_t4speciesAbundance_with_t10Host_weight
Enterococcus_B hirae,-0.0367026540152596,0.8393076589441,1,corr_t4speciesAbundance_with_t10Host_weight
Enterococcus_E cecorum,-0.246992783869621,0.205113422950789,1,corr_t4speciesAbundance_with_t10Host_weight
ER4 sp000765235,-0.0405600209427448,0.775268772683496,1,corr_t4speciesAbundance_with_t10Host_weight
ER4 sp003522105,0.0124122068396572,0.931111364576092,1,corr_t4speciesAbundance_with_t10Host_weight
ER4 sp900317525,0.140510667058855,0.310861133474637,1,corr_t4speciesAbundance_with_t10Host_weight
Erysipelatoclostridium sp000752095,-0.101612337048067,0.669910839378639,1,corr_t4speciesAbundance_with_t10Host_weight
Escherichia flexneri,0.00226496054716084,0.986781938548134,1,corr_t4speciesAbundance_with_t10Host_weight
Eubacterium callanderi,-0.407573295004395,0.117116089038556,1,corr_t4speciesAbundance_with_t10Host_weight
Eubacterium_A pyruvativorans,-0.0664836562946859,0.683569083146674,1,corr_t4speciesAbundance_with_t10Host_weight
Eubacterium_E hallii,-0.0505442245858021,0.744553830369863,1,corr_t4speciesAbundance_with_t10Host_weight
Eubacterium_E hallii_A,-0.0161609037738058,0.908559954262396,1,corr_t4speciesAbundance_with_t10Host_weight
Eubacterium_E sp002161065,-0.415241944585673,0.204081186924706,1,corr_t4speciesAbundance_with_t10Host_weight
Eubacterium_F sp003491505,-0.220541149139953,0.259428404783748,1,corr_t4speciesAbundance_with_t10Host_weight
Eubacterium_H cellulosolvens,0.223907253990825,0.404484073168361,1,corr_t4speciesAbundance_with_t10Host_weight
Eubacterium_H sp002394235,0.0337070549540567,0.849899859863444,1,corr_t4speciesAbundance_with_t10Host_weight
Eubacterium_H sp003488475,0.00256255328901216,0.990087446679951,1,corr_t4speciesAbundance_with_t10Host_weight
Eubacterium_H sp900314295,-0.0485397844942887,0.813843011323009,1,corr_t4speciesAbundance_with_t10Host_weight
Eubacterium_H sp900317175,-0.280104512701618,0.404136871202455,1,corr_t4speciesAbundance_with_t10Host_weight
Eubacterium_Q sp900314445,-0.23823226686515,0.204885867504061,1,corr_t4speciesAbundance_with_t10Host_weight
Eubacterium_R coprostanoligenes,0.182484308561705,0.174259811011918,1,corr_t4speciesAbundance_with_t10Host_weight
Eubacterium_R sp000434995,0.182783907823288,0.498043604450323,1,corr_t4speciesAbundance_with_t10Host_weight
Eubacterium_R sp003526845,-0.0296588217598886,0.90406415043932,1,corr_t4speciesAbundance_with_t10Host_weight
Eubacterium_S uniforme,-0.003680633190732,0.987712758708467,1,corr_t4speciesAbundance_with_t10Host_weight
F082 sp900315175,0.39351973021666,0.183407418575098,1,corr_t4speciesAbundance_with_t10Host_weight
F23-B02 sp000431075,0.122837200935525,0.380883620262737,1,corr_t4speciesAbundance_with_t10Host_weight
F23-B02 sp001916715,0.030872629669581,0.866792998953864,1,corr_t4speciesAbundance_with_t10Host_weight
F23-B02 sp002314685,-0.215323884801327,0.194185356517316,1,corr_t4speciesAbundance_with_t10Host_weight
F23-B02 sp002472405,0.0521982288880475,0.702412167917513,1,corr_t4speciesAbundance_with_t10Host_weight
Faecalibacterium prausnitzii_C,0.203303718054097,0.227487457300284,1,corr_t4speciesAbundance_with_t10Host_weight
Faecalibacterium prausnitzii_D,0.129404589792006,0.337367180189137,1,corr_t4speciesAbundance_with_t10Host_weight
Faecalibacterium prausnitzii_E,-0.042755183204911,0.752163722382233,1,corr_t4speciesAbundance_with_t10Host_weight
Faecalibacterium prausnitzii_G,-0.0194423691741083,0.913093639979368,1,corr_t4speciesAbundance_with_t10Host_weight
Faecalibacterium prausnitzii_K,-0.135762533473669,0.603382597447503,1,corr_t4speciesAbundance_with_t10Host_weight
Faecalibacterium sp002160895,0.183748076225594,0.269464530819527,1,corr_t4speciesAbundance_with_t10Host_weight
Faecalibacterium sp003449675,0.0681546683717285,0.627742610595721,1,corr_t4speciesAbundance_with_t10Host_weight
Faecalicatena faecis,-0.0792443847257291,0.576552390039092,1,corr_t4speciesAbundance_with_t10Host_weight
Faecalicatena gnavus,0.109285100463395,0.656058882768615,1,corr_t4speciesAbundance_with_t10Host_weight
Faecalicatena sp002320245,0.289114391165515,0.362071341613123,1,corr_t4speciesAbundance_with_t10Host_weight
Faecalicatena sp900066545,0.1288338005085,0.689860711270121,1,corr_t4speciesAbundance_with_t10Host_weight
Firm-10 sp001603025,0.157461848420604,0.246453184825001,1,corr_t4speciesAbundance_with_t10Host_weight
Flavonifractor sp002159175,0.39701805729285,0.114582400322156,1,corr_t4speciesAbundance_with_t10Host_weight
Fusicatenibacter saccharivorans,0.133679355825063,0.330554481512027,1,corr_t4speciesAbundance_with_t10Host_weight
GCA-900066135 sp900066135,-0.106012106431334,0.432537250431587,1,corr_t4speciesAbundance_with_t10Host_weight
Gemmiger formicilis,0.289421659317303,0.028988370939076,1,corr_t4speciesAbundance_with_t10Host_weight
Gemmiger sp003476825,-0.115598419816903,0.391837763818949,1,corr_t4speciesAbundance_with_t10Host_weight
Gemmiger variabile,-0.0541971115706297,0.711488277760554,1,corr_t4speciesAbundance_with_t10Host_weight
Gordonibacter massiliensis,-0.0844778225338627,0.74718229293484,1,corr_t4speciesAbundance_with_t10Host_weight
Holdemanella biformis,-0.0324659493826,0.810527689315764,1,corr_t4speciesAbundance_with_t10Host_weight
Holdemanella sp002299315,-0.0889444521209214,0.51057370441489,1,corr_t4speciesAbundance_with_t10Host_weight
Hungatella effluvii,0.107375397356427,0.714840227853272,1,corr_t4speciesAbundance_with_t10Host_weight
Intestinibacter bartlettii,0.026128675999088,0.899178256216366,1,corr_t4speciesAbundance_with_t10Host_weight
Intestinimonas butyriciproducens,-0.098077089517689,0.552513111412737,1,corr_t4speciesAbundance_with_t10Host_weight
Intestinimonas massiliensis,0.0102192040378493,0.961332755920372,1,corr_t4speciesAbundance_with_t10Host_weight
KLE1615 sp900066985,-0.116403154969998,0.406511828444774,1,corr_t4speciesAbundance_with_t10Host_weight
Lachnospira sp900316325,0.299743341741116,0.0480702976222287,1,corr_t4speciesAbundance_with_t10Host_weight
Lactobacillus amylovorus,0.142675086855099,0.289719596304645,1,corr_t4speciesAbundance_with_t10Host_weight
Lactobacillus crispatus,-0.153200540172246,0.326688325213482,1,corr_t4speciesAbundance_with_t10Host_weight
Lactobacillus delbrueckii,-0.271637466925102,0.189010142458382,1,corr_t4speciesAbundance_with_t10Host_weight
Lactobacillus delbrueckii_A,0.23414417235658,0.101711411523152,1,corr_t4speciesAbundance_with_t10Host_weight
Lactobacillus johnsonii,0.0957134547667434,0.478796306912408,1,corr_t4speciesAbundance_with_t10Host_weight
Lactobacillus_B salivarius,0.0469983423524316,0.779328659870847,1,corr_t4speciesAbundance_with_t10Host_weight
Lactobacillus_H mucosae,0.0986298059710829,0.469558779121381,1,corr_t4speciesAbundance_with_t10Host_weight
Lactobacillus_H reuteri,-0.100893282771375,0.455208207435167,1,corr_t4speciesAbundance_with_t10Host_weight
Lactobacillus_H sp002299975,0.0310029417526575,0.855461481571095,1,corr_t4speciesAbundance_with_t10Host_weight
Lactobacillus_H vaginalis,0.0109288307536226,0.945235230320158,1,corr_t4speciesAbundance_with_t10Host_weight
Lawsonibacter sp000177015,0.37301576606618,0.021079306055198,1,corr_t4speciesAbundance_with_t10Host_weight
Lawsonibacter sp002161175,-0.200365205556725,0.511603860023508,1,corr_t4speciesAbundance_with_t10Host_weight
Libanicoccus massiliensis,-0.273700726698837,0.22992781742408,1,corr_t4speciesAbundance_with_t10Host_weight
Marvinbryantia sp900066075,-0.263579003172922,0.0475827703459443,1,corr_t4speciesAbundance_with_t10Host_weight
Megasphaera elsdenii,0.233746682559087,0.0801211188684806,1,corr_t4speciesAbundance_with_t10Host_weight
Methanobrevibacter_A gottschalkii,-0.194865023115853,0.194373843346399,1,corr_t4speciesAbundance_with_t10Host_weight
Methanobrevibacter_A smithii,-0.137622191557955,0.307314503480875,1,corr_t4speciesAbundance_with_t10Host_weight
Methanomethylophilus alvus,0.365455834368712,0.135872804253848,1,corr_t4speciesAbundance_with_t10Host_weight
Mitsuokella jalaludinii,-0.037020846841126,0.794431183415877,1,corr_t4speciesAbundance_with_t10Host_weight
Mitsuokella multacida,0.181017142475772,0.290725425480914,1,corr_t4speciesAbundance_with_t10Host_weight
Mogibacterium sp002299625,-0.00957914933235718,0.943620336316489,1,corr_t4speciesAbundance_with_t10Host_weight
Mogibacterium sp900315485,0.0259801118687991,0.918496562007176,1,corr_t4speciesAbundance_with_t10Host_weight
Mogibacterium sp900315625,-0.259514398789817,0.210300972062478,1,corr_t4speciesAbundance_with_t10Host_weight
OEMS01 sp900199405,-0.0650752851666976,0.636907464230562,1,corr_t4speciesAbundance_with_t10Host_weight
Olsenella_B sp900111695,0.0813835657033511,0.718818015631849,1,corr_t4speciesAbundance_with_t10Host_weight
Olsenella_C umbonata,-0.147577355042948,0.363479992211768,1,corr_t4speciesAbundance_with_t10Host_weight
Olsenella_E sp002440065,0.0980305885057953,0.484964242629603,1,corr_t4speciesAbundance_with_t10Host_weight
Olsenella_E sp003150175,-0.0309477710874265,0.829312236130211,1,corr_t4speciesAbundance_with_t10Host_weight
Oribacterium sp002431355,0.0310306797725063,0.825424914363998,1,corr_t4speciesAbundance_with_t10Host_weight
Oscillibacter sp001916835,0.350229873624053,0.0213129551226757,1,corr_t4speciesAbundance_with_t10Host_weight
Oscillibacter sp900066435,-0.114035130646394,0.402677719995806,1,corr_t4speciesAbundance_with_t10Host_weight
Oscillibacter sp900115635,0.256172886179074,0.421578923269574,1,corr_t4speciesAbundance_with_t10Host_weight
Oxalobacter formigenes_B,0.0566121740382851,0.861274608481971,1,corr_t4speciesAbundance_with_t10Host_weight
Parabacteroides distasonis,0.0381024792681623,0.813032528549108,1,corr_t4speciesAbundance_with_t10Host_weight
Parabacteroides sp000436495,-0.302405560281875,0.366068225197113,1,corr_t4speciesAbundance_with_t10Host_weight
PeH17 sp000435055,-0.058036855634066,0.715052465631398,1,corr_t4speciesAbundance_with_t10Host_weight
PeH17 sp001940845,-0.068239779780568,0.720118122108779,1,corr_t4speciesAbundance_with_t10Host_weight
Phascolarctobacterium_A succinatutens,-0.096824903020067,0.473680926078341,1,corr_t4speciesAbundance_with_t10Host_weight
Phil1 sp001940855,0.0123876444430512,0.927130165521969,1,corr_t4speciesAbundance_with_t10Host_weight
Polynucleobacter rarus,-0.164574779880613,0.402664293493578,1,corr_t4speciesAbundance_with_t10Host_weight
Prevotella bryantii,0.569174473274162,0.0170958564893855,1,corr_t4speciesAbundance_with_t10Host_weight
Prevotella copri,-0.0397631165473807,0.769009944750481,1,corr_t4speciesAbundance_with_t10Host_weight
Prevotella copri_A,0.0747522553239711,0.584004434425204,1,corr_t4speciesAbundance_with_t10Host_weight
Prevotella sp000434515,-0.157003326474317,0.247848989768057,1,corr_t4speciesAbundance_with_t10Host_weight
Prevotella sp000434975,-0.0147190035605554,0.914258720311121,1,corr_t4speciesAbundance_with_t10Host_weight
Prevotella sp000436035,0.192893978488522,0.188995354200659,1,corr_t4speciesAbundance_with_t10Host_weight
Prevotella sp000436915,-0.11948392529024,0.376007893237543,1,corr_t4speciesAbundance_with_t10Host_weight
Prevotella sp000834015,0.0608011568674732,0.653226138040051,1,corr_t4speciesAbundance_with_t10Host_weight
Prevotella sp002251245,0.241819780941731,0.109513972738295,1,corr_t4speciesAbundance_with_t10Host_weight
Prevotella sp002251295,0.045820209542205,0.735025017437327,1,corr_t4speciesAbundance_with_t10Host_weight
Prevotella sp002251365,0.199407433454824,0.14440511405846,1,corr_t4speciesAbundance_with_t10Host_weight
Prevotella sp002251385,0.107697802855979,0.442729325194736,1,corr_t4speciesAbundance_with_t10Host_weight
Prevotella sp002251435,0.198488090354282,0.138840277449104,1,corr_t4speciesAbundance_with_t10Host_weight
Prevotella sp002265625,-0.130267293333586,0.671438134955876,1,corr_t4speciesAbundance_with_t10Host_weight
Prevotella sp002299275,0.147310396487871,0.351873136943857,1,corr_t4speciesAbundance_with_t10Host_weight
Prevotella sp002299635,0.0139927502250202,0.954660989903509,1,corr_t4speciesAbundance_with_t10Host_weight
Prevotella sp002300055,0.0623748549960394,0.663688525749514,1,corr_t4speciesAbundance_with_t10Host_weight
Prevotella sp002350805,-0.456375148025953,0.135881278468036,1,corr_t4speciesAbundance_with_t10Host_weight
Prevotella sp002409785,-0.0164032062298833,0.933974249070894,1,corr_t4speciesAbundance_with_t10Host_weight
Prevotella sp900290275,0.0691515705057007,0.636833504331406,1,corr_t4speciesAbundance_with_t10Host_weight
Prevotella sp900313215,-0.0836834699012758,0.559335100017677,1,corr_t4speciesAbundance_with_t10Host_weight
Prevotella sp900315955,0.256100216138585,0.421715248510822,1,corr_t4speciesAbundance_with_t10Host_weight
Prevotella sp900322035,-0.243694233398866,0.329818452374961,1,corr_t4speciesAbundance_with_t10Host_weight
Pseudoscardovia suis,-0.299239165251083,0.298654318182508,1,corr_t4speciesAbundance_with_t10Host_weight
QAMX01 sp003149835,-0.258590633952871,0.316263511100003,1,corr_t4speciesAbundance_with_t10Host_weight
RC9 sp000431015,-0.0279944582883629,0.845391146393462,1,corr_t4speciesAbundance_with_t10Host_weight
RC9 sp000432515,0.07900041752822,0.656961112189683,1,corr_t4speciesAbundance_with_t10Host_weight
RC9 sp000432655,0.0377545614748708,0.780379030537049,1,corr_t4speciesAbundance_with_t10Host_weight
RC9 sp000433355,-0.116675300564254,0.39180116483047,1,corr_t4speciesAbundance_with_t10Host_weight
RC9 sp000434935,0.066699087515159,0.622040645663445,1,corr_t4speciesAbundance_with_t10Host_weight
RC9 sp000435075,0.23500163309832,0.0935419810156764,1,corr_t4speciesAbundance_with_t10Host_weight
RC9 sp001915575,-0.146743982398814,0.379322337578575,1,corr_t4speciesAbundance_with_t10Host_weight
RC9 sp002314885,-0.219523174593135,0.243787398324329,1,corr_t4speciesAbundance_with_t10Host_weight
RC9 sp002438635,0.0290851158987955,0.847838933711153,1,corr_t4speciesAbundance_with_t10Host_weight
RC9 sp002439805,0.00893029701036091,0.961971784404533,1,corr_t4speciesAbundance_with_t10Host_weight
RC9 sp002440085,0.287372588243097,0.39152278045161,1,corr_t4speciesAbundance_with_t10Host_weight
RC9 sp002472565,0.0351502790917859,0.859058878357334,1,corr_t4speciesAbundance_with_t10Host_weight
RC9 sp900318565,-0.727713420369935,0.0031755635598173,1,corr_t4speciesAbundance_with_t10Host_weight
RC9 sp900319375,-0.0432677496775825,0.88838438148366,1,corr_t4speciesAbundance_with_t10Host_weight
RC9 sp900320185,0.00673658604017526,0.970320010140757,1,corr_t4speciesAbundance_with_t10Host_weight
Romboutsia timonensis,0.271706985192827,0.418955762970575,1,corr_t4speciesAbundance_with_t10Host_weight
Roseburia inulinivorans,0.1834852505832,0.369594836457225,1,corr_t4speciesAbundance_with_t10Host_weight
RUG001 sp900314575,0.175225893705999,0.306692365448851,1,corr_t4speciesAbundance_with_t10Host_weight
RUG013 sp001486445,-0.0344330028625009,0.859254499706069,1,corr_t4speciesAbundance_with_t10Host_weight
RUG114 sp900315615,-0.20582235030192,0.383987399328025,1,corr_t4speciesAbundance_with_t10Host_weight
RUG131 sp900315885,0.21186915864493,0.50857554951845,1,corr_t4speciesAbundance_with_t10Host_weight
RUG343 sp900317975,0.16085123747192,0.296919912920521,1,corr_t4speciesAbundance_with_t10Host_weight
RUG369 sp900317365,-0.19734656021139,0.222238103228956,1,corr_t4speciesAbundance_with_t10Host_weight
RUG369 sp900318195,-0.217645759203836,0.247944520732383,1,corr_t4speciesAbundance_with_t10Host_weight
RUG563 sp900320085,0.0171430496820839,0.90593907215212,1,corr_t4speciesAbundance_with_t10Host_weight
RUG591 sp900320425,0.0668617509009159,0.773377824058359,1,corr_t4speciesAbundance_with_t10Host_weight
RUG705 sp900321645,-0.360819770075384,0.275645739686779,1,corr_t4speciesAbundance_with_t10Host_weight
RUG806 sp900313475,-0.480620598101239,0.0819253969185143,1,corr_t4speciesAbundance_with_t10Host_weight
Ruminiclostridium_C sp000435295,0.0220643310913934,0.881668291236533,1,corr_t4speciesAbundance_with_t10Host_weight
Ruminiclostridium_E siraeum,-0.185571047970832,0.475796069544077,1,corr_t4speciesAbundance_with_t10Host_weight
Ruminococcus_A sp002361775,-0.0265321053274203,0.895487299412841,1,corr_t4speciesAbundance_with_t10Host_weight
Ruminococcus_A sp003011855,0.201597871247427,0.136240224999995,1,corr_t4speciesAbundance_with_t10Host_weight
Ruminococcus_C sp000433635,-0.044693119718129,0.798775034858713,1,corr_t4speciesAbundance_with_t10Host_weight
Ruminococcus_D bicirculans,0.472567884209832,0.0879365029334649,1,corr_t4speciesAbundance_with_t10Host_weight
Ruminococcus_E bromii_A,-0.0599297743674092,0.669907265586839,1,corr_t4speciesAbundance_with_t10Host_weight
Ruminococcus_E bromii_B,-0.0658448032372956,0.678657849932068,1,corr_t4speciesAbundance_with_t10Host_weight
Ruminococcus_E sp003521625,0.00323654299793576,0.982581655038474,1,corr_t4speciesAbundance_with_t10Host_weight
Ruminococcus_E sp900314705,0.128109452771421,0.351279039617538,1,corr_t4speciesAbundance_with_t10Host_weight
Ruminococcus_E sp900319655,0.00993047256381586,0.960000875831831,1,corr_t4speciesAbundance_with_t10Host_weight
Ruthenibacterium lactatiformans,0.150189879919776,0.319119244088919,1,corr_t4speciesAbundance_with_t10Host_weight
Senegalimassilia anaerobia,-0.0579906940460132,0.674086268446785,1,corr_t4speciesAbundance_with_t10Host_weight
Senegalimassilia sp002431805,0.113970489927895,0.495670720780735,1,corr_t4speciesAbundance_with_t10Host_weight
Sharpea azabuensis,0.091512464518164,0.549929242956063,1,corr_t4speciesAbundance_with_t10Host_weight
Solobacterium sp900315065,-0.150059503649005,0.29324131628313,1,corr_t4speciesAbundance_with_t10Host_weight
Solobacterium sp900343155,0.267932975226702,0.354374258042969,1,corr_t4speciesAbundance_with_t10Host_weight
Solobacterium timonensis,0.237320232932429,0.359056638371527,1,corr_t4speciesAbundance_with_t10Host_weight
Streptococcus orisratti,-0.0421376760952826,0.845003172284793,1,corr_t4speciesAbundance_with_t10Host_weight
Streptococcus suis_P,-0.24821562104265,0.221459661804043,1,corr_t4speciesAbundance_with_t10Host_weight
Succiniclasticum sp900314855,-0.393792249995205,0.0569175302043608,1,corr_t4speciesAbundance_with_t10Host_weight
Succinivibrio sp000431835,0.0409051650644544,0.894447573245289,1,corr_t4speciesAbundance_with_t10Host_weight
Succinivibrio sp003456415,0.124184638717455,0.686059061078735,1,corr_t4speciesAbundance_with_t10Host_weight
Succinivibrio sp900316375,0.165208095092226,0.335595679804404,1,corr_t4speciesAbundance_with_t10Host_weight
Synergistes jonesii,0.37430118443923,0.18734193316228,1,corr_t4speciesAbundance_with_t10Host_weight
Terrisporobacter othiniensis,0.287885523659154,0.0644921388047114,1,corr_t4speciesAbundance_with_t10Host_weight
Treponema_D berlinense,-0.198369565937927,0.239211062470921,1,corr_t4speciesAbundance_with_t10Host_weight
Treponema_D porcinum,-0.225441716307082,0.115456440785912,1,corr_t4speciesAbundance_with_t10Host_weight
Treponema_D sp002395155,-0.28431483617787,0.370452076723558,1,corr_t4speciesAbundance_with_t10Host_weight
Treponema_D succinifaciens,0.138406424667663,0.442406800022329,1,corr_t4speciesAbundance_with_t10Host_weight
Turicibacter sp001543345,0.170171700240609,0.616902306964686,1,corr_t4speciesAbundance_with_t10Host_weight
UBA1067 sp900320855,-0.444220006385524,0.128325410336153,1,corr_t4speciesAbundance_with_t10Host_weight
UBA1081 sp002431305,0.0422691065122581,0.859555655012004,1,corr_t4speciesAbundance_with_t10Host_weight
UBA11517 sp003522085,-0.00846799743464226,0.959195699128004,1,corr_t4speciesAbundance_with_t10Host_weight
UBA11524 sp000437595,-0.00048186526079813,0.997240828565779,1,corr_t4speciesAbundance_with_t10Host_weight
UBA11774 sp003507655,-0.331242636508071,0.319709383489443,1,corr_t4speciesAbundance_with_t10Host_weight
UBA1191 sp002310095,-0.21598843088567,0.140364934913806,1,corr_t4speciesAbundance_with_t10Host_weight
UBA1191 sp900066305,0.0382319805354295,0.777672442419012,1,corr_t4speciesAbundance_with_t10Host_weight
UBA1206 sp000433115,-0.334877358159448,0.0757793174412752,1,corr_t4speciesAbundance_with_t10Host_weight
UBA1232 sp002315995,0.297823200956659,0.202194764190566,1,corr_t4speciesAbundance_with_t10Host_weight
UBA1417 sp002305575,-0.375003953945637,0.152373933384437,1,corr_t4speciesAbundance_with_t10Host_weight
UBA1417 sp003531055,0.209170521024427,0.118395148956977,1,corr_t4speciesAbundance_with_t10Host_weight
UBA1448 sp002329405,-0.0524948150278138,0.723074847429995,1,corr_t4speciesAbundance_with_t10Host_weight
UBA1685 sp002320595,-0.128253942466882,0.523777065148447,1,corr_t4speciesAbundance_with_t10Host_weight
UBA1691 sp002320555,-0.175527061128806,0.605689829839517,1,corr_t4speciesAbundance_with_t10Host_weight
UBA1712 sp002317245,0.112976665709507,0.449590217430378,1,corr_t4speciesAbundance_with_t10Host_weight
UBA1777 sp002320035,-0.210270913590974,0.12334686871203,1,corr_t4speciesAbundance_with_t10Host_weight
UBA1777 sp002431965,0.0957779666657669,0.744646747009848,1,corr_t4speciesAbundance_with_t10Host_weight
UBA1777 sp003150355,-0.0383766594856433,0.776852743387865,1,corr_t4speciesAbundance_with_t10Host_weight
UBA1777 sp900319635,-0.471149011021617,0.122079576933237,1,corr_t4speciesAbundance_with_t10Host_weight
UBA1777 sp900319835,0.207833047129386,0.186588301308753,1,corr_t4speciesAbundance_with_t10Host_weight
UBA2727 sp900100095,-0.350330125601155,0.290862220804334,1,corr_t4speciesAbundance_with_t10Host_weight
UBA2834 sp002351365,-0.0681031591090553,0.645566622466849,1,corr_t4speciesAbundance_with_t10Host_weight
UBA2856 sp900319065,-0.294149778981328,0.0816186747722336,1,corr_t4speciesAbundance_with_t10Host_weight
UBA2862 sp002350605,-0.351630649172132,0.288950985181694,1,corr_t4speciesAbundance_with_t10Host_weight
UBA2862 sp900315585,-0.0473452257847191,0.749309357164682,1,corr_t4speciesAbundance_with_t10Host_weight
UBA2862 sp900317565,-0.0112997845111784,0.934125672099072,1,corr_t4speciesAbundance_with_t10Host_weight
UBA2882 sp900317505,-0.0470868517676664,0.878595216923708,1,corr_t4speciesAbundance_with_t10Host_weight
UBA2931 sp900313155,0.0114644729083209,0.956625027891383,1,corr_t4speciesAbundance_with_t10Host_weight
UBA328 sp002506905,-0.102831749426704,0.763516405039242,1,corr_t4speciesAbundance_with_t10Host_weight
UBA3388 sp002358835,-0.196059330122374,0.358529121929261,1,corr_t4speciesAbundance_with_t10Host_weight
UBA3789 sp900314225,0.14880802969899,0.282859720941973,1,corr_t4speciesAbundance_with_t10Host_weight
UBA3818 sp002369315,-0.0498142884162157,0.769682474766927,1,corr_t4speciesAbundance_with_t10Host_weight
UBA4248 sp002395385,-0.30157527670344,0.294713285316869,1,corr_t4speciesAbundance_with_t10Host_weight
UBA4372 sp002316015,-0.00718913990229882,0.972195331214397,1,corr_t4speciesAbundance_with_t10Host_weight
UBA4644 sp002405755,-0.109291259178693,0.525747903369163,1,corr_t4speciesAbundance_with_t10Host_weight
UBA5578 sp002425325,-0.049867769505262,0.865564225169145,1,corr_t4speciesAbundance_with_t10Host_weight
UBA5920 sp002406055,0.115255647857731,0.406592114564458,1,corr_t4speciesAbundance_with_t10Host_weight
UBA629 sp900316625,-0.250570199141321,0.134699115993783,1,corr_t4speciesAbundance_with_t10Host_weight
UBA636 sp002299675,0.362528358600377,0.00558242047407324,1,corr_t4speciesAbundance_with_t10Host_weight
UBA6398 sp003150315,-0.0581462991690034,0.743937965053384,1,corr_t4speciesAbundance_with_t10Host_weight
UBA6414 sp002438545,0.385114857909481,0.173902161520809,1,corr_t4speciesAbundance_with_t10Host_weight
UBA644 sp002299265,0.162620467917734,0.280231418948474,1,corr_t4speciesAbundance_with_t10Host_weight
UBA6857 sp002438505,-0.0513060653784903,0.820619232756647,1,corr_t4speciesAbundance_with_t10Host_weight
UBA6857 sp002451715,-0.380199068864508,0.089105652081506,1,corr_t4speciesAbundance_with_t10Host_weight
UBA7096 sp002492425,-0.453399409425729,0.015386288441806,1,corr_t4speciesAbundance_with_t10Host_weight
UBA7102 sp002492415,-0.220772696045364,0.165410626258983,1,corr_t4speciesAbundance_with_t10Host_weight
UBA7160 sp002491565,-0.310469916246139,0.209871912513021,1,corr_t4speciesAbundance_with_t10Host_weight
UBA7173 sp001701135,-0.0226160556282336,0.885538667869204,1,corr_t4speciesAbundance_with_t10Host_weight
UBA737 sp002297415,0.0932988324725191,0.784972378528986,1,corr_t4speciesAbundance_with_t10Host_weight
UBA737 sp002431945,0.0175139120221584,0.918054838723268,1,corr_t4speciesAbundance_with_t10Host_weight
UBA738 sp002315975,0.353739072310525,0.106299752578781,1,corr_t4speciesAbundance_with_t10Host_weight
UBA738 sp003522945,-0.193260150980791,0.149761169861487,1,corr_t4speciesAbundance_with_t10Host_weight
UBA7642 sp002404995,-0.175289182359166,0.486607291786652,1,corr_t4speciesAbundance_with_t10Host_weight
UBA7642 sp900313465,0.143688891712256,0.534347434506938,1,corr_t4speciesAbundance_with_t10Host_weight
UBA7642 sp900316035,0.182235282661982,0.362945878436941,1,corr_t4speciesAbundance_with_t10Host_weight
UBA7702 sp002482535,-0.184048263581997,0.412266486666232,1,corr_t4speciesAbundance_with_t10Host_weight
UBA7748 sp900314535,0.246989054474728,0.0745915565696006,1,corr_t4speciesAbundance_with_t10Host_weight
Zag1 sp001765415,-0.122546399595279,0.676418195288962,1,corr_t4speciesAbundance_with_t10Host_weight
Zag111 sp002102825,0.0252442673157891,0.90465901244796,1,corr_t4speciesAbundance_with_t10Host_weight
Zag111 sp002103105,-0.151653179777482,0.589519441496365,1,corr_t4speciesAbundance_with_t10Host_weight
Zag111 sp003258735,0.299715850658365,0.297847678893825,1,corr_t4speciesAbundance_with_t10Host_weight
